Total_Penalty,Peak_Penalty,OffPeak_Penalty
49575.29175761998,13091.666555560012,36483.62520205997
