Multiplier,Total_Penalty
0.995,1618064.5473800004
1.0,1137618.6277259998
1.005,1074504.2083899975
1.01,1306086.5649020008
1.015,1684979.9081339915
